Customer ID,First Name,Last Name,Gender,Location,Date of Birth
1,Megan,Martinez,Female,Tennessee,2/18/1995
2,Katherine,Stephenson,Female,Georgia,3/16/2000
3,Robert,Williams,Male,Missouri,9/5/1997
4,Jonathan,Scott,Female,Washington,2/21/1954
5,William,Fox,Female,North Carolina,3/7/1975
6,Richard,Perkins,Female,California,4/10/1984
7,Kristen,Foster,Female,New York,12/1/1990
8,Kevin,Garcia,Female,North Carolina,12/24/2003
9,Thomas,King,Female,Texas,6/30/2000
10,Brandy,Campbell,Male,California,12/19/1986
11,Rebecca,Fischer,Male,North Carolina,8/22/1985
12,William,Stout,Female,Washington,9/8/1958
13,Juan,Larson,Male,Indiana,9/24/1956
14,Katelyn,Johnson,Male,Maryland,8/29/1989
15,Christine,Sparks,Female,Washington,7/25/1980
16,John,Torres,Male,Massachusetts,1/22/1971
17,Renee,Morgan,Female,New York,2/7/1955
18,Tonya,Moreno,Male,North Carolina,4/23/1997
19,Lisa,Wright,Male,Virginia,4/25/1988
20,Rachel,Mora,Female,Michigan,9/23/1959
21,Kyle,Martin,Female,Ohio,8/30/1958
22,Jessica,Perry,Male,Wisconsin,11/30/1975
23,Rachel,Roberts,Female,Florida,8/11/1977
24,Gabriella,Meyer,Female,Texas,11/30/1959
25,Thomas,Berry,Female,Florida,4/16/1985
26,Craig,Burton,Male,North Carolina,6/18/1955
27,Ryan,Schmidt,Female,Michigan,9/17/1963
28,Cheryl,Jenkins,Female,Missouri,5/14/1988
29,Robin,Walters,Female,New Jersey,10/12/1995
30,Tammy,Powell,Male,New York,9/30/1972
31,Thomas,Osborne,Male,Indiana,9/19/1955
32,Michelle,French,Male,Georgia,4/6/1953
33,Jorge,Carter,Female,Illinois,11/5/1978
34,Linda,Watson,Male,Florida,3/11/1976
35,Ana,Fuller,Female,Arizona,11/20/1963
36,Alexis,Moore,Female,Michigan,7/10/1990
37,Jennifer,Terry,Male,Michigan,7/28/2000
38,Raymond,James,Female,Indiana,3/17/1963
39,Mallory,Garza,Male,Pennsylvania,2/20/1964
40,Elizabeth,Taylor,Male,Maryland,2/4/1965
41,Aaron,Barnett,Male,Indiana,1/12/1964
42,Tristan,Gomez,Male,Ohio,10/9/1996
43,Mikayla,Kennedy,Male,Missouri,6/23/1999
44,John,Perry,Female,New York,9/20/1969
45,Mark,Woods,Male,Arizona,9/22/1995
46,Monica,Neal,Male,Missouri,7/21/1975
47,James,Flores,Female,Washington,11/1/1954
48,Ashley,Pearson,Female,North Carolina,1/27/1986
49,John,Brown,Male,Michigan,10/20/1995
50,Tammy,Evans,Female,Massachusetts,5/19/1999
51,Linda,Mcgee,Female,Virginia,4/20/1980
52,Seth,Williams,Male,Maryland,3/20/1956
53,Christopher,Howell,Female,Pennsylvania,8/14/1968
54,Luke,Johnson,Male,Illinois,7/25/1969
55,William,Ruiz,Female,New York,6/20/1996
56,Sarah,Oneal,Female,New York,5/16/1972
57,Daniel,Smith,Male,Washington,7/28/1975
58,Andrea,Rose,Female,Washington,10/12/1964
59,Jasmine,Jones,Female,Maryland,6/3/1969
60,Amy,Camacho,Male,Massachusetts,3/4/1977
61,Lisa,Parks,Female,Pennsylvania,8/5/1968
62,Amber,Harmon,Male,Missouri,5/6/1964
63,Tamara,Caldwell,Male,Michigan,11/4/1981
64,Carrie,Smith,Male,Virginia,9/17/1984
65,Briana,Williams,Male,Tennessee,12/7/1977
66,Sean,Oliver,Female,Arizona,9/8/1991
67,Caitlyn,Key,Female,Ohio,8/8/1962
68,Paul,Marks,Male,Tennessee,7/7/1979
69,Barbara,Lyons,Male,Tennessee,8/28/1991
70,Kelly,Acosta,Male,Indiana,8/30/2005
71,Jaime,Perez,Male,New Jersey,2/16/1954
72,Jacob,Walton,Male,Tennessee,3/31/1964
73,Chloe,Roberts,Male,Texas,12/5/1992
74,Diane,Garcia,Female,Massachusetts,8/6/1953
75,Thomas,Murray,Female,Michigan,12/16/1999
76,Christopher,Rivera,Male,Pennsylvania,9/30/1979
77,Katherine,Jackson,Male,Tennessee,2/7/2002
78,Nancy,Fisher,Female,Texas,11/30/1964
79,Sandra,Prince,Female,Wisconsin,5/6/1963
80,Megan,Graham,Female,Ohio,7/16/1954
81,Rachael,West,Female,California,12/4/1954
82,Sandra,Fletcher,Female,Virginia,3/20/1975
83,Amber,Warren,Male,Tennessee,12/4/1987
84,Peter,Anderson,Female,Washington,6/18/1953
85,Janet,Lozano,Male,California,10/24/1955
86,Joshua,Wallace,Female,Indiana,6/4/1956
87,Lisa,Clarke,Female,Florida,2/4/2006
88,Melissa,Price,Male,Florida,10/29/1960
89,Patty,Roman,Male,Washington,3/16/1992
90,Brittany,Price,Male,California,10/28/1994
91,Stephanie,Robinson,Female,Virginia,4/6/1963
92,Bethany,Gonzalez,Male,Texas,3/6/2006
93,Shannon,Bentley,Male,New York,8/20/1963
94,Donna,Willis,Female,Wisconsin,1/19/1999
95,Wendy,Williams,Male,California,1/23/1979
96,Sabrina,Price,Female,North Carolina,1/5/1955
97,Laura,Young,Female,Michigan,9/15/1981
98,Christopher,Miller,Male,Georgia,11/25/1982
99,Chloe,Lopez,Male,Pennsylvania,11/13/1991
100,Tom,Brown,Male,Maryland,12/4/1999
101,Crystal,Little,Male,Michigan,11/13/1975
102,Megan,Thompson,Male,Ohio,8/11/2001
103,John,Bishop,Male,New York,2/1/1970
104,Jessica,Salazar,Male,Arizona,8/4/1962
105,Dave,Bush,Male,Massachusetts,12/25/1977
106,Jeffrey,Hunt,Male,New Jersey,12/8/1987
107,Laura,Mitchell,Male,Washington,12/16/1967
108,Marvin,Rich,Female,Illinois,7/4/1989
109,Lisa,Gomez,Male,New Jersey,6/16/1980
110,Craig,Ellis,Female,Arizona,3/8/1958
111,Dustin,Welch,Male,Arizona,1/17/1962
112,Heidi,Black,Male,Pennsylvania,12/16/1980
113,Brandon,Huber,Male,Massachusetts,9/26/1991
114,Audrey,Blevins,Male,Pennsylvania,1/13/1998
115,Renee,Spears,Male,Indiana,1/26/1977
116,Amanda,Villa,Male,New Jersey,10/13/1959
117,Erin,Carpenter,Female,Pennsylvania,7/31/1982
118,Anthony,Henry,Male,Ohio,11/19/1982
119,Cynthia,Padilla,Male,Illinois,12/5/1969
120,Catherine,Lewis,Male,Massachusetts,4/10/1985
121,Barbara,Adams,Female,Virginia,3/11/1979
122,Peter,Williams,Male,Washington,7/11/1968
123,Mitchell,Martin,Female,Arizona,1/30/1980
124,Tina,Smith,Male,Tennessee,7/19/1969
125,Benjamin,Pena,Male,Washington,2/14/1997
126,Andrew,Taylor,Male,Georgia,12/15/1985
127,Susan,Buchanan,Female,Ohio,3/25/1980
128,Jackson,Becker,Female,Massachusetts,10/10/1992
129,David,Arellano,Female,Ohio,11/28/1957
130,Jason,Sanders,Male,Maryland,5/21/1970
131,Lauren,Morse,Male,Texas,12/26/1971
132,Sharon,Chavez,Female,Washington,1/17/1989
133,Andrew,Morgan,Male,Texas,7/7/1978
134,Ronald,Garcia,Male,Georgia,2/12/1990
135,Craig,Andrade,Female,Florida,9/10/1954
136,Jordan,Norton,Male,Illinois,4/26/1994
137,Jeffrey,Morris,Female,Virginia,10/31/1994
138,Deborah,Bryant,Female,Texas,7/4/1985
139,Michael,Nguyen,Female,Illinois,5/5/1969
140,Henry,Johnson,Male,Georgia,1/6/1972
141,William,Williams,Male,Wisconsin,12/15/1955
142,Benjamin,Wood,Male,Michigan,10/15/1994
143,Craig,Clark,Male,Wisconsin,2/4/1975
144,Vanessa,Warren,Male,Florida,10/21/1979
145,James,Lopez,Female,Indiana,10/26/1995
146,Michael,Harris,Female,Michigan,6/21/1960
147,Jessica,Chambers,Male,Virginia,8/1/1989
148,Mary,Fitzgerald,Female,Arizona,7/11/1956
149,Samantha,Collins,Male,Massachusetts,1/10/1963
150,Gary,Heath,Male,Texas,10/6/2001
151,Emily,Scott,Female,Indiana,12/1/1979
152,Tammy,Cooper,Female,Missouri,1/14/1955
153,Brian,Marquez,Female,Arizona,6/16/2005
154,Erica,Williams,Female,Maryland,11/12/1981
155,Megan,Villa,Female,Massachusetts,12/16/2002
156,Matthew,Jones,Female,Tennessee,12/18/1979
157,John,Murray,Male,North Carolina,9/4/1982
158,Candice,Hardy,Male,Tennessee,5/6/1960
159,Scott,Williams,Female,Ohio,9/29/2001
160,Gregory,Lamb,Male,New Jersey,7/24/1984
161,Thomas,Werner,Female,North Carolina,4/30/1994
162,Robert,Stevens,Male,Texas,8/25/1984
163,Ashley,Wilson,Female,Texas,3/12/1964
164,William,Miller,Male,Texas,10/2/1964
165,Larry,Garcia,Male,Illinois,5/20/1976
166,Michael,Cannon,Female,Virginia,6/29/1985
167,Mary,Gutierrez,Female,California,3/9/1981
168,John,Calhoun,Female,Michigan,1/13/1964
169,Ann,Alexander,Female,California,5/17/1993
170,Alexander,Jones,Male,Pennsylvania,7/8/1972
171,Judith,Simmons,Female,Florida,1/20/2005
172,Matthew,Fischer,Female,Arizona,6/25/1987
173,Brandon,Calderon,Female,Georgia,11/13/1960
174,Juan,Williams,Male,Wisconsin,4/10/1978
175,John,White,Male,Washington,9/19/1976
176,Stephanie,Burns,Male,Missouri,12/3/1962
177,Michael,Anderson,Female,Georgia,12/28/1995
178,Keith,Pitts,Male,Massachusetts,7/19/1977
179,Michael,Michael,Male,Ohio,5/7/2005
180,Stacey,Flores,Male,New Jersey,5/18/1985
181,Cynthia,Graham,Female,Wisconsin,2/7/1996
182,Christine,Hawkins,Female,New York,7/5/1988
183,Jennifer,Mitchell,Female,Wisconsin,6/25/2004
184,Paul,Weaver,Male,Florida,11/17/1956
185,Robert,Harris,Female,New Jersey,7/12/1966
186,Debra,Phillips,Female,New Jersey,9/29/1970
187,Aaron,Ramos,Male,Missouri,4/1/1965
188,James,Jacobs,Male,Massachusetts,6/11/2002
189,Matthew,Herrera,Female,New Jersey,12/6/1992
190,John,Green,Male,North Carolina,4/22/1975
191,Dana,Hall,Female,California,5/11/1973
192,Nicholas,Wilson,Male,Indiana,1/29/1979
193,Nancy,Logan,Female,Texas,5/20/1996
194,Ashley,Garcia,Female,Ohio,1/13/1956
195,Robert,Quinn,Male,Virginia,1/8/1973
196,Richard,Wright,Male,Florida,9/26/1990
197,Jacqueline,Mitchell,Female,Ohio,7/22/1982
198,Robert,Fitzgerald,Female,Indiana,8/3/1955
199,Eileen,Keller,Female,Virginia,8/21/1999
200,Brandon,Harmon,Female,Ohio,2/24/1981
201,Sean,Robertson,Male,Ohio,7/10/1971
202,Jonathon,Trevino,Female,North Carolina,9/28/1978
203,Eric,Martinez,Male,Michigan,9/29/2002
204,Allison,Brewer,Male,Michigan,5/19/1967
205,Tony,Wilson,Male,Indiana,10/25/1976
206,Anna,Mclaughlin,Male,Washington,5/5/1962
207,Karla,Howard,Female,North Carolina,3/16/1962
208,Nicole,Leonard,Female,Tennessee,9/19/1960
209,Troy,Warner,Female,Virginia,12/8/1994
210,Larry,Guerrero,Male,Georgia,7/3/1977
211,Steven,Walker,Male,Texas,6/28/1964
212,Lisa,Decker,Male,Michigan,5/4/1955
213,Nancy,Allen,Male,Missouri,7/7/1982
214,Lisa,Holmes,Male,Florida,6/15/1992
215,Jacob,Leonard,Male,California,4/28/1980
216,Yvonne,Hall,Male,Massachusetts,10/2/1984
217,Cynthia,Fuller,Male,Tennessee,5/25/1958
218,Christopher,Mitchell,Female,Massachusetts,11/22/1996
219,Jessica,Jackson,Female,Texas,7/31/2001
220,Valerie,Pacheco,Male,Arizona,4/29/2001
221,Richard,Tran,Male,Tennessee,7/17/1999
222,Erika,Murphy,Female,Massachusetts,7/5/1958
223,Leslie,Richards,Female,Massachusetts,2/21/2006
224,Jason,Johnson,Male,New York,3/1/1982
225,Jennifer,Anderson,Male,Florida,4/17/1990
226,Aaron,Foster,Female,Florida,8/19/2002
227,Mackenzie,Daugherty,Female,Georgia,11/27/1990
228,Allison,Dixon,Male,New York,8/16/1962
229,Connor,Jones,Female,Pennsylvania,9/23/1964
230,David,Hubbard,Male,Arizona,8/16/1963
231,Debra,Harrington,Female,Ohio,5/1/1967
232,Morgan,Hampton,Male,Massachusetts,5/27/1964
233,Joshua,Hudson,Male,Wisconsin,9/29/1968
234,Tiffany,Dominguez,Female,Florida,3/27/1955
235,Craig,Lewis,Male,Arizona,12/16/1988
236,Melissa,Oconnor,Male,Missouri,6/9/1962
237,Randy,Cabrera,Male,Washington,10/6/1986
238,Christopher,Wolf,Male,Texas,7/3/1977
239,Joshua,Gomez,Female,Illinois,8/19/1995
240,Shawn,Garza,Female,Georgia,4/16/2003
241,Laura,Fuller,Female,Tennessee,10/24/1972
242,Michelle,Lester,Male,Georgia,12/19/2001
243,Dennis,Rodriguez,Female,Pennsylvania,1/8/1976
244,Abigail,Flowers,Female,North Carolina,10/9/1999
245,Debra,Fox,Female,Virginia,4/10/1961
246,Michael,Howard,Female,New Jersey,1/13/1981
247,Monica,Bryant,Male,Arizona,11/4/2005
248,Joshua,Smith,Male,New York,1/10/1971
249,Andrew,Robinson,Female,Missouri,12/27/1963
250,Billy,Delgado,Female,Michigan,7/8/1976
251,Erin,Guerrero,Male,Wisconsin,12/12/1995
252,Angela,Simpson,Male,Missouri,5/6/1987
253,Stacey,Ashley,Male,Ohio,10/16/1975
254,Sheena,Castillo,Female,Michigan,6/29/1989
255,Renee,Edwards,Female,Massachusetts,7/8/2000
256,Bobby,Abbott,Female,Indiana,1/19/1963
257,Kara,Green,Female,Wisconsin,10/22/1978
258,Jacqueline,Munoz,Male,Massachusetts,7/22/2003
259,Diana,Warner,Female,Missouri,10/29/2003
260,Jennifer,Underwood,Male,North Carolina,1/5/1991
261,Raven,Floyd,Male,North Carolina,12/25/1973
262,Danielle,Cruz,Female,Georgia,3/4/1969
263,Nathan,Brown,Male,California,12/22/1978
264,Amanda,Johnson,Male,New York,10/16/1976
265,Jared,Barber,Female,Wisconsin,10/9/1979
266,Brenda,Nixon,Female,New York,4/13/1985
267,Alan,Cooper,Female,Illinois,1/9/1988
268,Edward,Alexander,Male,Arizona,1/17/1974
269,Mathew,Swanson,Female,Georgia,2/13/1981
270,Kristine,Barrett,Male,Ohio,11/10/1980
271,Jennifer,Green,Female,Michigan,11/11/1959
272,Matthew,Powers,Male,California,9/20/1999
273,Christine,Torres,Male,Missouri,9/11/1963
274,Blake,Kelly,Female,Indiana,4/5/1963
275,Frank,Ryan,Male,Arizona,7/19/1953
276,Tina,Oconnor,Male,Texas,12/1/1992
277,Keith,Hernandez,Female,New York,9/25/1993
278,Ralph,Johnson,Female,Washington,5/11/1996
279,Amy,Burton,Female,North Carolina,2/24/2001
280,Kelly,Johnson,Female,New York,5/27/1988
281,Timothy,Williams,Female,Maryland,6/24/1960
282,John,Perez,Male,Virginia,8/19/2000
283,Brandon,Valdez,Male,Georgia,4/7/1997
284,Hayden,Jones,Female,Missouri,9/18/2000
285,Alexandra,Brown,Female,Michigan,2/27/1967
286,Chad,Stanton,Female,Georgia,10/3/1993
287,Richard,Henderson,Female,Georgia,1/21/1997
288,Mark,Stafford,Male,Florida,4/3/1994
289,Robert,Robinson,Female,Indiana,2/25/1988
290,Cory,Graham,Male,Michigan,10/11/1960
291,Regina,Howard,Female,New Jersey,5/12/1971
292,Thomas,Thompson,Female,Georgia,1/25/2000
293,Mary,Murphy,Male,Virginia,1/7/2003
294,Theresa,Hatfield,Female,Tennessee,1/6/1995
295,Matthew,Burgess,Female,Michigan,9/8/1964
296,Timothy,Reyes,Male,Maryland,10/15/1978
297,Holly,Ortiz,Male,Illinois,1/9/1959
298,Ronald,Baker,Female,Pennsylvania,8/31/1955
299,Kevin,Schmidt,Male,California,12/4/1953
300,Jessica,Fitzgerald,Male,Missouri,1/24/1961
301,Patricia,Parks,Male,Indiana,11/9/1977
302,Samantha,Ford,Male,New Jersey,5/17/2002
303,Courtney,Williams,Male,Virginia,12/3/1985
304,Nicholas,Dorsey,Male,Maryland,11/16/1974
305,Terri,Ortiz,Female,California,7/27/1960
306,Danielle,Myers,Male,Pennsylvania,3/19/1999
307,Cameron,Smith,Male,Washington,1/6/1984
308,Christopher,Taylor,Female,Pennsylvania,4/30/1978
309,Kara,Melton,Female,Illinois,12/20/1992
310,Bruce,Palmer,Female,Indiana,8/15/2000
311,Alan,Oconnor,Female,Florida,6/28/1970
312,Phillip,Hernandez,Male,Pennsylvania,7/27/1998
313,April,Rivera,Female,Ohio,4/27/1986
314,Shane,Larsen,Male,Tennessee,12/31/2005
315,Tracy,Hoover,Female,Maryland,10/10/1968
316,Brenda,Wright,Male,Ohio,1/14/1964
317,Erin,Johnson,Female,Georgia,6/7/1991
318,Rodney,Drake,Male,Pennsylvania,10/1/1990
319,Micheal,Jackson,Female,Georgia,7/8/1958
320,Vanessa,French,Male,Washington,10/13/1987
321,Jose,Sutton,Female,Virginia,8/23/1964
322,Kimberly,Jackson,Male,Wisconsin,12/19/1954
323,Ryan,Miller,Male,Maryland,12/25/1996
324,Michael,Pennington,Male,Pennsylvania,7/25/1964
325,Caleb,Harper,Female,Tennessee,5/27/1988
326,Michelle,Oliver,Male,New York,1/14/1981
327,Jacqueline,Ellis,Male,Wisconsin,8/9/1994
328,Rebecca,Hernandez,Female,California,3/3/1998
329,Shannon,Guzman,Female,Indiana,5/16/1967
330,Erica,King,Female,Wisconsin,1/12/1983
331,David,Shaffer,Male,Virginia,5/26/2001
332,Raymond,Oconnor,Male,Tennessee,9/26/1999
333,Jared,Johnson,Male,Massachusetts,10/9/1980
334,Bobby,Randolph,Male,Michigan,3/9/1971
335,Stacy,Johnson,Male,California,8/27/1954
336,Jason,Davis,Male,Georgia,3/9/1993
337,Dustin,Carter,Female,Missouri,5/8/1962
338,James,Hernandez,Female,Illinois,8/19/1979
339,Nicholas,Young,Female,Tennessee,11/14/1964
340,Amy,Kelly,Male,Tennessee,3/22/1983
341,Edward,Moss,Male,Missouri,8/28/1991
342,Vanessa,Sullivan,Female,New Jersey,11/11/1956
343,Tonya,Nelson,Male,Florida,9/25/1978
344,Eddie,Vasquez,Female,North Carolina,2/13/1959
345,Richard,Long,Female,Pennsylvania,1/15/1997
346,Erin,Collins,Female,Wisconsin,3/29/1993
347,Natalie,Lester,Female,Washington,10/14/1980
348,Tyler,Pierce,Female,Ohio,12/23/1975
349,Sally,Madden,Female,New Jersey,1/27/1969
350,Marcus,Mejia,Male,Michigan,9/13/1987
351,Vernon,Duncan,Male,Washington,3/18/1984
352,Victor,Baker,Male,Texas,11/15/1955
353,Elizabeth,Mcdaniel,Female,Ohio,11/15/1985
354,James,Bryant,Female,Texas,5/28/1995
355,Chelsea,Griffith,Female,New Jersey,2/21/1960
356,Jeffery,Powell,Male,Georgia,7/1/1971
357,Matthew,Crawford,Male,New Jersey,9/30/1987
358,Sydney,Smith,Female,Massachusetts,7/29/1986
359,Rachel,Singh,Male,Georgia,9/11/1990
360,Lisa,Johnson,Female,North Carolina,2/7/1997
361,Austin,Becker,Female,Virginia,1/12/1980
362,Eddie,Perkins,Female,Illinois,5/18/1985
363,Jonathan,Parsons,Male,Michigan,4/8/1971
364,Kristen,Roberts,Male,California,7/13/1965
365,Megan,Parks,Male,Virginia,11/5/1968
366,Brandi,Clark,Male,Maryland,1/10/1990
367,Jennifer,Moreno,Male,Missouri,1/2/1978
368,Lindsay,Peterson,Male,Texas,1/26/1964
369,Carl,Good,Male,Pennsylvania,10/17/1973
370,Christopher,Bonilla,Female,Virginia,8/24/1994
371,Misty,Clark,Male,California,12/27/1962
372,Benjamin,Knight,Female,Tennessee,4/21/1984
373,Jeffrey,Rivera,Female,Texas,11/24/1957
374,Billy,Schmitt,Male,California,11/15/1957
375,Alexis,Middleton,Male,Georgia,9/30/1985
376,Megan,Willis,Female,Texas,12/22/1979
377,Mark,Cortez,Female,California,9/26/1991
378,Eugene,Maldonado,Female,Georgia,2/10/1981
379,Eduardo,Gomez,Male,New Jersey,1/21/1991
380,Diana,Hendricks,Male,Florida,6/28/1959
381,Tanya,Lam,Male,Texas,4/13/1971
382,William,Rivera,Female,Virginia,1/12/1986
383,Rachel,Burgess,Male,Arizona,11/2/1968
384,Wayne,Smith,Female,Pennsylvania,10/3/1960
385,Audrey,Velasquez,Female,Ohio,5/27/1973
386,Erika,Cunningham,Female,Massachusetts,10/24/1962
387,Linda,Farley,Female,Arizona,9/3/1977
388,Katherine,Cox,Male,Pennsylvania,8/15/1959
389,Vicki,Garrett,Male,Virginia,8/24/1962
390,Julie,Morris,Male,Michigan,1/7/1998
391,Rebecca,Patton,Male,Illinois,1/26/1957
392,Jamie,Burke,Female,New Jersey,7/3/1998
393,Amanda,Archer,Female,Arizona,7/10/1962
394,Carmen,Smith,Female,Washington,2/14/1993
395,Margaret,Taylor,Male,California,3/27/1991
396,Timothy,Williams,Female,Arizona,9/20/1966
397,Kylie,Martinez,Female,North Carolina,9/10/1953
398,Paul,Noble,Female,Missouri,6/18/1955
399,Brenda,Fry,Female,Missouri,9/23/1980
400,Melissa,Castillo,Female,Massachusetts,3/16/1991
401,Lauren,Arroyo,Female,Texas,10/31/2000
402,Diane,Cardenas,Male,Maryland,8/12/2004
403,Aaron,Osborne,Male,New York,2/27/1994
404,Hunter,Burgess,Male,Arizona,7/31/1986
405,William,Lopez,Male,Washington,10/22/2001
406,Jonathan,Dunn,Female,Illinois,3/12/2000
407,Cameron,Coleman,Female,California,6/30/1960
408,Michelle,Dodson,Male,Indiana,5/25/1985
409,Sherri,Thompson,Male,Pennsylvania,4/16/1991
410,Kevin,Jackson,Female,Wisconsin,11/4/1976
411,Ricky,Hopkins,Female,Indiana,7/22/1976
412,Lisa,Moore,Male,Pennsylvania,11/7/1959
413,Bryan,Rodriguez,Female,Florida,11/17/1999
414,Danielle,Gordon,Male,New Jersey,7/24/1953
415,David,Hogan,Male,Georgia,8/29/1969
416,Justin,Jacobs,Female,Illinois,8/20/1968
417,Maria,Fischer,Female,Georgia,1/31/1987
418,Brian,Baker,Male,California,5/30/1974
419,Barry,Mitchell,Female,Illinois,11/21/1971
420,Robert,Patterson,Female,Missouri,6/30/1968
421,Travis,Ewing,Female,Illinois,10/28/1953
422,Michelle,Robbins,Male,Florida,12/9/1986
423,Jennifer,Shah,Male,Arizona,5/12/1977
424,Emily,Medina,Female,Wisconsin,11/6/1987
425,Edward,Spencer,Male,New York,5/29/1976
426,Valerie,Branch,Male,Wisconsin,6/14/1959
427,Robert,Lee,Male,Massachusetts,6/27/1958
428,Cheryl,Patton,Male,Pennsylvania,12/13/1973
429,Paul,Moody,Female,Wisconsin,4/1/1992
430,Brandon,Kirk,Male,Wisconsin,12/13/1981
431,Thomas,Brady,Female,Texas,8/10/1968
432,Edward,Moore,Male,North Carolina,7/2/2003
433,Antonio,Guerrero,Female,New Jersey,3/22/1978
434,Christina,Bradshaw,Female,Washington,2/24/1979
435,Crystal,Elliott,Male,California,10/21/2004
436,Daniel,Ward,Male,Texas,2/10/1963
437,Andrea,Herring,Female,Tennessee,12/22/1968
438,Michael,Hoffman,Female,Florida,10/20/1972
439,Patrick,Jenkins,Male,Virginia,10/10/1966
440,Kimberly,Mendez,Female,Michigan,9/25/2003
441,Tracy,Brock,Male,Pennsylvania,1/13/2006
442,Nicole,Perez,Female,Massachusetts,12/14/1985
443,Chelsea,Smith,Female,Georgia,2/15/1998
444,Tanner,Rice,Male,Indiana,8/27/1977
445,Cynthia,Pugh,Male,Virginia,6/18/1972
446,Matthew,Frazier,Male,Illinois,5/14/1979
447,David,Mccoy,Female,Washington,11/20/1994
448,Felicia,Burton,Female,New Jersey,1/6/1962
449,Christy,Crawford,Female,North Carolina,3/12/2006
450,Kristina,Simon,Male,Tennessee,5/5/1961
451,David,Wright,Female,Washington,7/6/1980
452,Rhonda,Snow,Female,California,5/17/1977
453,Lauren,Hill,Male,Michigan,4/3/1987
454,Sabrina,Duffy,Male,Indiana,4/5/1985
455,Monique,House,Male,Michigan,10/9/1968
456,Erin,Miller,Female,Missouri,11/12/1997
457,Lisa,West,Female,Tennessee,6/24/2001
458,April,Manning,Male,Texas,8/29/1978
459,Kristen,Cole,Male,Missouri,3/25/1996
460,Jaime,Hicks,Male,Maryland,8/16/1977
461,Kimberly,Roman,Male,Missouri,8/9/1982
462,Sean,Bush,Female,North Carolina,2/3/1972
463,Katherine,Rubio,Female,Texas,8/28/1977
464,Stanley,Martin,Male,Massachusetts,6/28/1980
465,Kristine,Mclean,Male,Washington,6/5/2005
466,Charles,Reilly,Female,New York,5/11/2005
467,Bradley,Walters,Female,Washington,10/28/2001
468,Sarah,Shepard,Male,Virginia,6/23/1972
469,Todd,King,Male,Tennessee,5/17/1960
470,Rachel,Macias,Female,Texas,11/9/1985
471,Shirley,Ayala,Male,California,1/14/1973
472,Elizabeth,Lynch,Male,North Carolina,6/3/1961
473,Ashley,Davis,Female,Texas,7/25/1983
474,Jason,Johnson,Male,North Carolina,9/17/1963
475,Clayton,Smith,Male,Maryland,8/15/1976
476,Lori,King,Female,Michigan,10/14/1969
477,Pamela,Farmer,Female,Ohio,10/18/2003
478,Kimberly,Hughes,Female,Indiana,12/7/1965
479,Holly,Rowe,Male,Indiana,3/21/1976
480,Robert,Garrett,Female,New Jersey,3/11/1987
481,Kevin,Price,Female,Washington,10/10/1968
482,Daniel,Beard,Female,North Carolina,9/11/1960
483,Ronald,Johnson,Male,Ohio,7/24/1999
484,Ashlee,Marshall,Female,New York,5/4/1979
485,Sandra,Gallegos,Male,Maryland,8/31/1979
486,Shari,Martinez,Male,New Jersey,11/4/1984
487,Robert,Page,Female,Georgia,2/27/1988
488,Cory,Murphy,Male,Maryland,8/20/1984
489,Kim,Johnson,Female,Missouri,9/21/1991
490,Jessica,Wells,Female,Virginia,4/10/1995
491,Anthony,Boyd,Male,Illinois,3/24/1968
492,Sean,Williams,Male,Pennsylvania,3/10/1999
493,Gina,Knight,Male,New Jersey,5/20/1980
494,Anthony,Reed,Female,California,5/22/1987
495,Samantha,Smith,Male,Maryland,5/23/1974
496,Suzanne,Lee,Male,Texas,5/1/1986
497,Jennifer,Rodriguez,Male,Maryland,1/16/1969
498,Christian,Fernandez,Male,Pennsylvania,8/13/1974
499,Chad,Williams,Male,Virginia,6/15/1988
500,Michael,Hebert,Male,Virginia,10/2/1999
501,Anthony,Kirk,Male,Michigan,4/28/1953
502,Michael,Landry,Female,Michigan,6/20/1959
503,Alejandro,Edwards,Female,New Jersey,4/25/1985
504,Terri,Whitehead,Male,Tennessee,10/17/1974
505,Lori,Joyce,Male,Washington,1/16/1980
506,Chad,Hubbard,Male,Wisconsin,9/7/1968
507,Patricia,Hill,Male,Arizona,7/26/1982
508,Jared,Lambert,Female,Illinois,7/9/1956
509,Jamie,Larson,Male,California,5/14/1992
510,Emily,Powell,Female,Pennsylvania,9/14/2005
511,Shawna,Torres,Female,Maryland,12/19/1955
512,David,Brown,Female,Texas,11/15/1980
513,Adrian,Martinez,Male,Massachusetts,7/29/1959
514,Mike,Anderson,Male,Pennsylvania,2/21/1971
515,Angel,Castillo,Male,New Jersey,11/4/1966
516,Cassidy,May,Female,California,7/30/2002
517,Michele,Gallagher,Female,Tennessee,6/14/1975
518,Jacob,Williams,Female,North Carolina,5/13/1965
519,Daniel,Colon,Female,Wisconsin,11/28/1960
520,Maxwell,Williams,Female,Ohio,7/8/1965
521,Susan,Peters,Female,Florida,10/3/2000
522,David,Manning,Male,Missouri,12/29/1977
523,Tammy,Welch,Male,Arizona,2/19/1955
524,Michael,Herring,Male,North Carolina,2/12/1969
525,Thomas,Cooper,Female,Illinois,3/9/1956
526,Kelly,Willis,Male,Indiana,10/6/1953
527,Sharon,Miller,Female,Illinois,4/3/1979
528,Susan,Castro,Male,Florida,8/3/1989
529,Cynthia,Li,Male,Illinois,7/9/1953
530,Jack,Harris,Male,Maryland,1/13/1962
531,Victoria,Green,Female,New York,2/20/1961
532,Curtis,Graves,Male,Indiana,5/11/1994
533,Beverly,King,Male,Missouri,6/11/1994
534,Eric,Green,Male,Wisconsin,10/12/1966
535,Rachael,Walls,Female,Washington,10/6/1958
536,Sonya,Lutz,Female,Arizona,8/23/2003
537,Linda,Moore,Female,North Carolina,12/5/1984
538,Leslie,Mccullough,Male,Michigan,8/31/1966
539,John,Tran,Male,Michigan,4/25/1953
540,Kari,Johnson,Male,California,8/12/1988
541,Kelly,Richards,Female,Arizona,7/1/1995
542,Robert,May,Male,North Carolina,6/19/1981
543,Brandon,Johnson,Male,North Carolina,10/3/1957
544,David,Todd,Male,Missouri,10/1/1989
545,Andrew,Meyers,Female,Indiana,4/7/1965
546,Christian,Jones,Female,Missouri,2/26/1969
547,Charles,Wong,Female,New Jersey,8/27/1968
548,Robert,Bryant,Male,New Jersey,6/25/1981
549,Andrea,Allen,Female,Ohio,3/15/1979
550,Joyce,Ellis,Female,Arizona,7/7/1985
551,Douglas,Moore,Female,Pennsylvania,3/28/1953
552,Robert,Cook,Male,California,11/14/1982
553,Dana,Rios,Male,Indiana,7/6/1967
554,Christopher,Alvarez,Female,Pennsylvania,2/26/1979
555,Sean,Peters,Female,Maryland,4/17/2005
556,Mike,Stephens,Male,Washington,1/6/1956
557,Stacy,Hoover,Female,Virginia,2/11/1995
558,Brian,Cooper,Female,Massachusetts,7/16/1971
559,Ricky,Hess,Male,Texas,2/26/1955
560,Robert,Miller,Female,Missouri,11/14/1992
561,Jessica,Patterson,Female,Arizona,10/30/1976
562,Malik,Gomez,Female,Wisconsin,2/9/2001
563,James,Hayes,Male,Georgia,3/21/1978
564,Kelly,Bass,Female,California,3/2/1976
565,Thomas,Hunt,Female,Virginia,4/18/1999
566,Stephanie,Archer,Female,Indiana,2/7/1984
567,Laura,Hensley,Male,Illinois,10/24/1996
568,Joshua,Wilson,Male,Ohio,5/10/1962
569,Angela,Stewart,Male,Virginia,10/6/1993
570,Haley,Johnson,Female,Tennessee,5/24/1988
571,Laura,Gross,Male,California,6/23/1959
572,Sean,Smith,Male,Georgia,5/5/1970
573,Raymond,Blackwell,Female,Maryland,3/28/1960
574,Katrina,Lee,Female,Georgia,11/9/2001
575,Ryan,Gutierrez,Male,North Carolina,4/3/1960
576,John,Brown,Female,Illinois,10/13/1971
577,Shawn,Collins,Female,Arizona,11/8/1954
578,Sharon,Price,Male,Florida,4/29/2000
579,Douglas,Williams,Male,Maryland,11/13/1962
580,Steven,Saunders,Female,Massachusetts,6/17/1995
581,Dana,Dawson,Female,Georgia,10/2/2005
582,Timothy,Howard,Male,Massachusetts,1/17/1998
583,James,Conley,Female,Indiana,6/17/1962
584,Aaron,Jones,Female,New York,12/30/1978
585,Holly,Brown,Male,Ohio,4/22/1967
586,Christine,Kelly,Female,Illinois,3/20/1992
587,Alan,Winters,Male,Massachusetts,2/16/1998
588,Kenneth,Avila,Female,Florida,12/16/1974
589,Kayla,Chambers,Male,Arizona,12/8/1966
590,Cristina,Hart,Female,Washington,11/15/1981
591,Amy,Lara,Female,North Carolina,10/13/1987
592,Eric,Gutierrez,Male,North Carolina,4/6/1987
593,Jasmine,Johnson,Male,Arizona,5/27/1961
594,Thomas,Lang,Female,Virginia,4/17/1991
595,Erika,Lee,Male,Wisconsin,5/23/1960
596,Kathleen,Hughes,Female,New Jersey,5/18/2000
597,Jesse,Howard,Male,Florida,7/5/1985
598,Kathleen,Martinez,Female,Michigan,9/8/1961
599,Joshua,Bell,Female,California,11/7/1987
600,Tracey,Thompson,Male,Tennessee,9/5/1983
